Modified_Team,No_of_Gold_Medals,No_of_Silver_Medals,No_of_Bronze_Medals
North_Korea,2,3,2
Russia,52,28,35
Sweden,2,23,3
Singapore,1,null,null
South_Africa,2,7,14
Fiji,13,null,null
Puerto_Rico,1,null,null
Turkey,1,3,4
Germany,49,43,67
Jordan,1,null,null
France,20,55,21
Greece,3,1,3
Kosovo,1,null,null
Slovakia,3,5,null
Argentina,21,1,null
Belgium,2,17,2
Bahamas,1,null,5
China,46,30,37
Belarus,1,4,7
Great_Britain,64,55,26
New_Zealand,6,25,5
Czech_Republic,1,2,12
Tajikistan,1,null,null
Croatia,7,15,2
Italy,8,40,24
Spain,9,19,17
Cuba,5,2,4
South_Korea,13,3,10
Denmark,15,10,16
Iran,3,1,4
Thailand,2,2,2
United_States,139,54,71
Chinese_Taipei,1,null,4
Ukraine,2,8,5
Georgia,2,1,4
Indonesia,2,2,null
Azerbaijan,1,7,10
Armenia,1,3,null
Individual_Olympic_Athletes,1,null,1
Switzerland,6,3,2
Ethiopia,1,2,5
Jamaica,11,17,2
Canada,4,4,61
Uzbekistan,4,2,7
Brazil,36,8,6
Kenya,6,6,1
Slovenia,1,2,1
Japan,17,13,34
Cote_d'Ivoire,1,null,1
Poland,3,3,10
Australia,23,34,25
Romania,4,2,10
Kazakhstan,3,5,10
Serbia,14,27,13
Bahrain,1,1,null
Colombia,3,2,3
Hungary,12,3,7
Vietnam,1,1,null
Netherlands,9,25,13
