Noc,No_of_Males,No_of_Females
AFG,15,null
ARG,50,1
AUS,29,4
AUT,265,27
BEL,168,8
BER,5,null
BOL,2,null
BRA,67,6
BUL,33,null
CAN,101,25
CHI,39,1
CHN,52,2
COL,5,null
CRC,1,null
DEN,105,16
EGY,53,null
ESP,4,2
EST,36,2
FIN,122,5
FRA,218,11
GBR,198,47
GER,437,51
GRE,41,1
HUN,216,22
IND,27,null
ISL,12,null
ITA,263,21
JPN,231,20
LAT,52,3
LIE,10,null
LUX,52,1
MEX,32,null
MLT,11,null
MON,8,null
NED,151,22
NOR,92,8
NZL,7,null
PER,40,null
PHI,28,null
POL,147,17
POR,19,null
ROU,65,3
RSA,27,5
SUI,214,10
SWE,193,9
TCH,213,19
TUR,52,2
URU,37,null
USA,359,55
YUG,95,15
