Noc,No_of_Males,No_of_Females
AFG,12,null
ARG,34,1
AUS,261,45
AUT,79,15
BAH,4,null
BEL,57,4
BER,3,null
BOL,1,null
BRA,46,1
BUL,50,4
CAM,2,null
CAN,108,23
CHI,34,2
COL,26,null
CUB,15,1
DEN,31,6
EGY,3,null
ESP,15,null
ETH,12,null
FIJ,5,null
FIN,97,5
FRA,152,25
GBR,199,39
GER,192,38
GRE,16,null
GUY,3,1
HKG,2,null
HUN,92,21
I0,20,2
IND,58,1
IRI,20,null
IRL,17,1
ISL,8,1
ISR,2,1
ITA,173,27
JAM,6,null
JPN,106,16
KEN,24,1
KOR,39,null
LBR,4,null
LIB,3,null
LIE,8,null
LUX,10,1
MAL,31,1
MEX,21,3
MYA,11,null
NBO,2,null
NED,7,2
NGR,10,null
NOR,56,11
NZL,43,8
PAK,54,null
PER,8,null
PHI,35,4
POL,93,22
POR,12,null
PUR,10,null
ROU,52,17
RSA,44,6
SGP,47,2
SRI,3,null
SUI,60,8
SWE,133,22
TCH,86,18
THA,35,null
TPE,20,null
TTO,6,null
TUR,23,null
UGA,3,null
URS,289,45
URU,21,null
USA,314,57
VEN,22,null
VNM,6,null
YUG,44,8
