Noc,No_of_Males,No_of_Females
AHO,4,null
AND,8,null
ANT,10,null
ARG,73,4
AUS,151,37
AUT,117,20
BAH,10,1
BAR,9,2
BEL,78,27
BER,15,1
BIZ,4,null
BOL,4,null
BRA,72,7
BUL,132,53
CAN,299,144
CAY,2,null
CHI,12,null
CIV,7,1
CMR,4,null
COL,32,3
CRC,4,1
CUB,132,24
DEN,56,10
DOM,9,1
ECU,5,null
EGY,26,null
ESP,107,10
FIJ,1,1
FIN,115,15
FRA,206,35
FRG,289,72
GBR,207,77
GDR,194,132
GRE,38,2
GUA,26,2
HAI,10,3
HKG,23,2
HON,3,null
HUN,125,55
I0,5,2
IND,26,null
IRI,84,4
IRL,41,3
ISL,15,6
ISR,24,2
ISV,19,2
ITA,230,38
JAM,11,9
JPN,203,68
KOR,39,14
KSA,14,null
KUW,15,null
LIB,3,1
LIE,10,5
LUX,8,null
MAR,9,null
MAS,23,null
MEX,92,5
MGL,30,2
MON,8,null
NCA,15,null
NED,75,40
NEP,1,null
NOR,94,13
NZL,74,11
PAK,24,null
PAN,7,1
PAR,4,null
PHI,13,1
PNG,6,null
POL,223,40
POR,19,null
PRK,36,2
PUR,73,7
ROU,135,54
SEN,19,2
SGP,3,1
SMR,10,2
SUI,98,10
SUR,3,null
SWE,129,26
TCH,171,49
THA,39,3
TPE,6,null
TTO,13,null
TUN,14,1
TUR,35,1
URS,344,145
URU,7,2
USA,354,148
VEN,23,9
YUG,110,6
