Noc,No_of_Males,No_of_Females
0M,6,2
AFG,2,null
AHO,6,null
ALB,3,4
ALG,39,6
AND,6,2
ANG,13,15
ANT,8,5
ARG,132,47
ARM,30,2
ARU,3,null
ASA,6,1
AUS,250,167
AUT,56,16
AZE,20,3
BAH,19,7
BAN,3,1
BAR,11,2
BDI,6,1
BEL,41,20
BEN,4,1
BER,7,2
BHU,1,1
BIH,7,2
BIZ,2,3
BLR,91,66
BOL,6,2
BOT,7,null
BRA,156,65
BRN,5,null
BRU,1,null
BUL,74,36
BUR,3,2
CAF,3,2
CAM,3,2
CAN,152,151
CAY,8,1
CGO,3,2
CHA,3,1
CHI,16,5
CHN,109,181
CIV,10,1
CMR,11,4
COD,2,12
COK,2,1
COL,39,9
COM,3,1
CPV,2,1
CRC,6,5
CRO,75,9
CUB,111,53
CYP,15,2
CZE,76,39
DEN,54,65
DJI,5,null
DMA,4,2
DOM,12,4
ECU,17,2
EGY,27,2
ESA,6,2
ESP,194,95
EST,35,8
ETH,10,8
FIJ,14,3
FIN,47,29
FRA,197,102
GAB,6,1
GAM,8,1
GBR,184,116
GBS,3,null
GEO,27,7
GEQ,4,1
GER,277,187
GHA,33,2
GRE,87,34
GRN,5,null
GUA,25,1
GUI,4,1
GUM,6,2
GUY,6,1
HAI,7,null
HKG,14,9
HON,4,3
HUN,146,66
I0,23,17
IND,40,9
IRI,17,1
IRL,62,16
IRQ,3,null
ISL,5,4
ISR,18,7
ISV,6,6
ITA,236,104
IVB,7,null
JAM,27,19
JOR,3,2
JPN,157,149
KAZ,72,24
KEN,42,10
KGZ,26,7
KOR,189,110
KSA,29,null
KUW,25,null
LAO,4,1
LAT,34,13
LBA,5,null
LBR,4,1
LCA,5,1
LES,5,4
LTU,45,16
LUX,2,4
MAD,4,7
MAR,32,2
MAS,32,3
MAW,2,null
MDA,35,5
MDV,5,1
MEX,71,27
MGL,12,4
MKD,8,3
MLI,1,2
MLT,4,3
MON,2,1
MOZ,2,1
MRI,21,5
MTN,4,null
MYA,2,1
NCA,25,1
NED,137,102
NEP,3,3
NGR,49,16
NIG,2,1
NOR,42,55
NRU,3,null
NZL,66,29
OMA,4,null
PAK,23,1
PAN,5,2
PAR,6,1
PER,15,14
PHI,8,4
PLE,1,null
PNG,11,null
POL,126,39
POR,83,24
PRK,15,9
PUR,47,22
QAT,12,null
ROU,98,67
RSA,64,20
RUS,232,158
RWA,4,null
SAM,4,1
SCG,59,9
SEN,11,null
SEY,8,1
SGP,9,5
SKN,4,6
SLE,10,4
SLO,25,12
SMR,6,1
SOL,3,1
SOM,4,null
SRI,5,4
STP,1,1
SUD,4,null
SUI,72,43
SUR,5,2
SVK,58,13
SWE,111,66
SWZ,5,1
SYR,6,1
TAN,6,1
TGA,4,1
THA,25,12
TJK,6,2
TKM,4,3
TOG,5,null
TPE,32,42
TTO,8,4
TUN,45,6
TUR,44,9
UAE,4,null
UGA,7,3
UKR,146,85
URU,12,2
USA,375,273
UZB,63,8
VAN,3,1
VEN,34,5
VIE,3,3
VIN,7,1
YEM,4,null
ZAM,7,1
ZIM,12,1
