Noc,No_of_Males,No_of_Females
0M,4,6
AFG,2,1
ALB,3,3
ALG,54,10
AND,2,2
ANG,8,18
ANT,6,2
ARG,140,75
ARM,24,7
ARU,3,4
ASA,3,1
AUS,208,212
AUT,37,34
AZE,42,14
BAH,17,12
BAN,4,3
BAR,7,4
BDI,5,4
BEL,70,34
BEN,4,2
BER,4,4
BIH,7,4
BIZ,2,1
BLR,53,67
BOL,6,6
BOT,9,3
BRA,255,207
BRN,20,13
BRU,2,1
BUL,29,22
BUR,3,2
CAF,3,3
CAM,2,4
CAN,127,183
CAY,3,2
CGO,7,3
CHA,1,1
CHI,25,17
CHN,150,240
CIV,5,7
CMR,5,17
COD,2,2
COK,4,5
COL,73,70
COM,2,2
CPV,2,3
CRC,6,5
CRO,66,19
CUB,83,34
CYP,9,6
CZE,62,42
DEN,78,41
DJI,6,1
DMA,1,1
DOM,18,8
ECU,22,15
EGY,84,37
ERI,11,1
ESA,5,3
ESP,164,143
EST,28,18
ETH,17,20
FIJ,36,17
FIN,26,28
FRA,225,167
FSM,2,3
GAB,4,2
GAM,3,1
GBR,201,159
GBS,3,2
GEO,30,10
GEQ,1,null
GER,224,194
GHA,7,6
GRE,56,36
GRN,5,1
GUA,15,6
GUI,2,3
GUM,3,2
GUY,3,3
HAI,7,3
HKG,15,22
HON,22,1
HUN,88,65
I0,17,11
IND,61,51
IOA,8,1
IRI,54,9
IRL,50,26
IRQ,20,null
ISL,3,5
ISR,22,25
ISV,5,2
ITA,168,141
IVB,1,3
JAM,25,31
JOR,7,1
JPN,171,164
KAZ,55,46
KEN,46,33
KGZ,12,7
KIR,2,1
KOR,103,104
KOS,3,5
KSA,7,3
LAO,3,2
LAT,19,13
LBA,6,1
LBR,1,1
LCA,2,3
LES,7,1
LIB,4,5
LIE,1,2
LTU,48,19
LUX,5,5
MAD,2,4
MAR,29,19
MAS,17,15
MAW,3,2
MDA,14,9
MDV,2,2
MEX,79,44
MGL,26,17
MHL,2,3
MKD,2,4
MLI,4,2
MLT,4,3
MNE,17,18
MON,3,null
MOZ,5,1
MRI,5,6
MTN,1,1
MYA,4,3
NCA,3,2
NED,105,132
NEP,3,4
NGR,47,24
NIG,4,2
NOR,29,33
NRU,2,null
NZL,98,97
OMA,2,2
PAK,4,3
PAN,4,6
PAR,6,5
PER,17,12
PHI,7,6
PLE,4,2
PLW,3,2
PNG,6,2
POL,139,95
POR,61,29
PRK,11,19
PUR,13,27
QAT,35,2
ROT,6,4
ROU,34,61
RSA,93,42
RUS,142,142
RWA,4,3
SAM,5,3
SEN,6,16
SEY,8,2
SGP,9,16
SKN,5,1
SLE,2,2
SLO,39,24
SMR,2,2
SOL,1,2
SOM,1,1
SRB,58,45
SRI,7,2
SSD,2,1
STP,2,1
SUD,4,2
SUI,57,45
SUR,4,2
SVK,32,19
SWE,64,86
SWZ,1,1
SYR,4,3
TAN,5,2
TGA,4,3
THA,26,28
TJK,5,2
TKM,4,5
TLS,1,2
TOG,2,3
TPE,26,29
TTO,18,10
TUN,41,20
TUR,53,47
TUV,1,null
UAE,9,3
UGA,14,7
UKR,87,117
URU,12,5
USA,264,291
UZB,47,23
VAN,4,null
VEN,61,24
VIE,10,12
VIN,2,2
YEM,2,1
ZAM,5,2
ZIM,9,21
