Modified Team,no_of_medals
United_States,1799
Soviet_Union,687
Germany,672
China,654
Russia,553
Australia,547
Canada,520
East_Germany,437
Netherlands,430
Great_Britain,393
Romania,355
Japan,301
South_Korea,295
Hungary,267
Norway,229
France,226
Sweden,219
Italy,219
Brazil,135
West_Germany,134
Spain,133
Bulgaria,128
Poland,126
Finland,119
Unified_Team,117
Denmark,105
Ukraine,105
Switzerland,100
Austria,97
Cuba,93
Czechoslovakia,89
Jamaica,86
Belarus,77
Argentina,73
Yugoslavia,60
New_Zealand,57
Greece,47
Czech_Republic,40
North_Korea,34
Serbia,28
South_Africa,24
Ethiopia,23
Belgium,23
Zimbabwe,22
Kazakhstan,21
Kenya,21
Nigeria,19
Chinese_Taipei,19
Mexico,17
Slovenia,17
Indonesia,15
Croatia,15
Bahamas,14
Thailand,14
Montenegro,14
Colombia,13
Peru,12
Turkey,10
Azerbaijan,10
Slovakia,10
Lithuania,10
Ireland,8
Singapore,7
Portugal,6
Liechtenstein,5
India,5
Morocco,4
Estonia,4
Serbia_and_Montenegro,4
Cincinnati_Archers,4
Venezuela,4
Costa_Rica,4
Malaysia,4
Mongolia,4
Bahrain,3
Algeria,3
Tunisia,3
Lerina,2
Egypt,2
Israel,2
Latvia,2
Hong_Kong,2
Uzbekistan,2
Mozambique,2
Cameroon,2
Australasia,2
Individual_Olympic_Athletes,2
United_States/Great_Britain,1
Bonaparte,1
Philippines,1
Kosovo,1
Puerto_Rico,1
Iran,1
Digby,1
Sunrise,1
Salinero,1
Burundi,1
Sri_Lanka,1
Cote_d'Ivoire,1
Bohemia,1
Heroine,1
Ancora,1
Iceland,1
France/Great_Britain,1
Chile,1
Syria,1
Bohemia/Great_Britain,1
May_Be,1
Encore,1
Satchmo,1
Clearwater,1
Elvis_Va,1
Moldova,1
Llanoria,1
Georgia,1
Tajikistan,1
Armenia,1
L'Aile_VI,1
Vietnam,1
