Modified Team,no_of_medals
United_States,5375
Soviet_Union,2501
Germany,2083
Great_Britain,1741
France,1580
Italy,1577
Sweden,1442
Australia,1310
Canada,1281
Russia,1158
Hungary,1135
East_Germany,1005
Netherlands,990
China,989
Japan,913
Norway,910
Finland,876
Switzerland,682
Romania,653
South_Korea,638
West_Germany,586
Poland,565
Denmark,557
Spain,489
Czechoslovakia,488
Brazil,475
Austria,449
Belgium,415
Cuba,407
Yugoslavia,390
Bulgaria,342
Unified_Team,279
Argentina,266
New_Zealand,223
Ukraine,199
India,197
Greece,182
Jamaica,157
Croatia,149
Czech_Republic,144
Belarus,139
South_Africa,131
Pakistan,121
Mexico,107
Kenya,106
Nigeria,99
Turkey,95
Serbia,85
Kazakhstan,77
Iran,68
North_Korea,67
Serbia_and_Montenegro,64
Uruguay,63
Lithuania,61
Ethiopia,53
Ireland,51
Chinese_Taipei,49
Slovenia,48
Slovakia,47
Estonia,45
Azerbaijan,44
Indonesia,41
Bahamas,36
Latvia,35
Portugal,35
Uzbekistan,34
Georgia,32
Chile,32
Trinidad_and_Tobago,32
Thailand,30
Union_des_Socits_Franais_de_Sports_Athletiques,29
Australasia,29
Egypt,27
Colombia,27
Mongolia,26
"""Phalainis_ton_Thorichtou_""""Hydra""""""",24
England,24
"""Marinai_della_nave_da_guerra_""""Varese""""""",24
Morocco,23
Ghana,23
Zimbabwe,22
Leander_Club,22
Cameroon,22
Royal_Club_Nautique_de_Gand,21
Vesper_Boat_Club,18
Toronto_Argonauts,18
Iceland,17
Minerva_Amsterdam,17
Paraguay,17
Algeria,17
"""Large_boat_Central_Naval_Prep_School_""""Poros""""""",17
Malaysia,16
Armenia,16
Chicago_Athletic_Association,16
Moseley_Wanderers,15
Venezuela,15
Peru,15
Frankfurt_Club,15
Cornwall,15
Montenegro,14
USFSA,13
Tunisia,13
Galt_Football_Club,13
Fiji,13
St._Louis_Amateur_Athletic_Association,12
Angelita,12
Mohawk_Indians,12
St._Rose,12
New_York_Athletic_Club,12
Devon_and_Somerset_Wanderers,12
Winnipeg_Shamrocks,12
Christian_Brothers'_College,11
Univ._of_Brussels,11
Wales,11
Bohemia,11
Thessalonki,11
Racing_Club_de_France,11
Llanoria,11
Upton_Park_FC,11
Smyrna,11
Missouri_Athletic_Club,11
Scotland,11
Bucintoro_Venezia,11
Crabe_II,10
United_States_Golf_Association,10
Hera,10
Gitana,10
Western_Golf_Association,10
Trans,10
Philippines,10
Erna_Signe,10
Brussels_Swimming_and_Water_Polo_Club,10
Mouchette,10
Magda_IX,10
Liechtenstein,9
Israel,9
Heira_II,9
Puerto_Rico,9
Singapore,9
Berliner_Ruderverein_von_1876,9
Atlanta,9
Quand,9
Cambridge_University_Boat_Club,9
Pistoja/Firenze,9
New_College_Oxford,9
Favorite,8
Liverpool_Police_Team,8
Omas_Helliniki_P._S.,8
Cincinnati_Archers,8
Socit_Nautique_de_la_Basse_Seine,8
Pupilles_de_Neptune_de_Lille_#2,8
Aschenbrodel,8
Socit_Nautique_de_Bayonne,8
London_City_Police,8
Martha,8
K_Division_Metropolitan_Police_Team,8
Luxembourg,8
Kitty,8
Moldova,8
Osborne_Swimming_Club_Manchester,7
Mosk_II,7
Gallia_II,7
Uganda,7
Libellule_de_Paris,7
Eleda,7
Nina,7
"""Life_boat_naval_ship_""""Spetsai""""""",7
Dominican_Republic,7
Heatherbell,7
Germania_II,6
Silja,6
Denmark/Sweden,6
Argonaut_Rowing_Club,6
Italia,6
Scotia,6
New_York_Turnverein_New_York,6
Gyrinus,6
Pan,6
Western_Rowing_Club,6
Philadelphia_Turngemeinde_Philadelphia,6
Sylvia,6
Saudi_Arabia,6
Favorite_Hammonia,6
Lerina,6
Central_Turnverein_Chicago,6
Haiti,6
L'Aile_VI,6
Olle,6
Santa_Maria,6
Hollandia,6
Lyn,5
Ormsund_Roklub,5
Vinga,5
Ralia,5
Emily,5
Taifun,5
Tutti_V,5
Lucky_Girl,5
Antwerpia_V,5
Foxhunters_Hurlingham,5
Polyteknisk_Roklub,5
Tornado,5
Cercle_de_l'Aviron_Roubaix,5
Gallant,5
Ludwigshafener_Ruderverein,5
Lalage,5
Sans_Atout,5
Sorais,5
St._Louis_Southwest_Turnverein_#2,5
Irene,5
Kristiania_Roklub,5
Namoussa,5
Qatar,5
Germania_Ruder_Club_Hamburg,5
Roddklubben_af_1912,5
Cobweb,5
Bera,5
West_Indies_Federation,5
Individual_Olympic_Athletes,5
Elisabeth_X,5
Thames_Rowing_Club,5
Djinn,5
Tritons_Lillois,5
Milwaukee_Athletic_Club,5
Lully_II,5
St._Louis_Southwest_Turnverein_#1,5
Ludwigshafener_Ruder_Verein,5
May_Be,5
Nykjbings_paa_Falster,5
Ali,5
Amateur_Athletic_Association,5
Pupilles_de_Neptune_de_Lille,4
Ancora,4
Atalanta_Boat_Club,4
Bissbi,4
Hong_Kong,4
Complex_II,4
Nina_Claire,4
BLO_Polo_Club_Rugby,4
Fornebo,4
Amstel_Amsterdam,4
Deutscher_Schwimm_Verband_Berlin,4
Mound_City_Rowing_Club,4
Norna,4
Roehampton,4
Tajikistan,4
Sildra,4
Magdalen_College_Boat_Club,4
Elsie,4
Century_Boat_Club,4
Boston_Archers,4
Hi,4
Potomac_Archers,4
Heroine,4
Vietnam,4
Costa_Rica,4
New_York_Athletic_Club_#1,4
Sif,4
Hurlingham,4
Scamasaxe,4
Club_Nautique_de_Lyon,4
Namibia,4
Bagatelle_Polo_Club_Paris,4
Vision,4
A_North_American_Team,4
Caprice,4
Lebanon,4
Minotaur,3
Snap,3
Panama,3
Nurdug_II,3
Barrenjoey,3
Edelweiss_II,3
Mac_Miche,3
Gustel_X,3
Ballerina_IV,3
Cote_d'Ivoire,3
Bonzo,3
Venilia,3
Gwendoline,3
Rush_VII,3
Bona_Fide,3
Macky_VI,3
Mutafo,3
Hojwa,3
Barion/Bari,3
Bluebottle,3
Rose_Pompon,3
Syria,3
Aphrodite,3
Tango,3
Kerstin,3
Buraddoo,3
Web_II,3
Kyrgyzstan,3
Elisabeth_V,3
Rowing_Club_Castillon,3
Tan,3
Rush_V,3
Zut,3
Nirefs,3
Tip,3
Willem,3
Bahrain,3
Stella,3
Mascotte,3
Bingo,3
Slaghoken,3
Sarcelle,3
Beatrijs_III,3
Oranje,3
Slaghoken_II,3
Marmi_II,3
White_Lady,3
Encore,3
Jo,3
Kullan,3
Dormy,3
Guyoni,3
United_Arab_Republic,2
Afghanistan,2
Comanche,2
Swedish_Star,2
Tanzania,2
Chuckles,2
Sri_Lanka,2
Suriname,2
Pandora,2
Ecuador,2
Gem_IV,2
Jupiter,2
Kurush_II,2
Jest,2
Boreas,2
Margaret,2
Falcon_IV,2
Symphony,2
Grenada,2
France/Great_Britain,2
Sunshine,2
Zambia,2
United_States/Great_Britain,2
Esterel,2
Ravenswood_Boat_Club,2
Joy,2
Wannsee,2
Burundi,2
Ethnikos_Gymnastikos_Syllogos,2
Espadarte,2
United_States/France,2
Leander_Club_#1,2
Widgeon,2
Australia/Great_Britain,2
Glider,2
Niger,2
Lady_C,2
Baby,2
Merope,2
Sirene,2
Starita,2
Great_Britain/Germany,2
Ma'Lindo,2
Merope_III,2
Kuwait,2
United_Arab_Emirates,2
Bem_II,2
Berliner_Ruderclub,2
Gem,2
Bohemia/Great_Britain,2
Leander_Club_#2,2
Humbug_V,2
Mozambique,2
Hilarius,2
Seawanhaka_Boat_Club,2
Independent_Rowing_Club,2
Skum,2
Societ_Nautique_de_la_Marne,2
Swift,2
Shrew_II,2
Kathleen,2
Senegal,1
Djibouti,1
Guyana,1
Nrnberg,1
Camille,1
Iraq,1
Frimousse,1
Brynhild,1
Potsdam,1
Sudan,1
Rostock,1
Nepal,1
Jordan,1
Digby,1
Tonga,1
Sunrise,1
Mignon,1
Eritrea,1
Salinero,1
Gabon,1
Togo,1
Carabinier,1
Bermuda,1
Fantlet,1
Cicely,1
Monaco,1
Cyprus,1
Bonaparte,1
Nadine,1
Guatemala,1
United_States_Virgin_Islands,1
Kosovo,1
Turquoise,1
Femur,1
Macedonia,1
Laurea,1
Botswana,1
Clearwater,1
Mauritius,1
Elvis_Va,1
Netherlands_Antilles,1
Don_Schufro,1
Formosa,1
Satchmo,1
Barbados,1
