Modified Team,no_of_medals
Germany,222
United_States,112
Italy,70
Switzerland,62
Austria,60
Great_Britain,47
France,45
Hungary,43
Sweden,38
Finland,36
Norway,35
Canada,35
Netherlands,34
Japan,23
India,19
Czechoslovakia,18
Mexico,16
Belgium,14
Poland,12
Argentina,11
Estonia,7
Denmark,6
Germania_II,6
Silja,6
Italia,6
Lalage,5
May_Be,5
Egypt,5
Lully_II,5
Portugal,3
Turkey,2
Sunshine,2
Latvia,2
Wannsee,2
Bem_II,2
South_Africa,1
Potsdam,1
Philippines,1
Nrnberg,1
Rostock,1
Yugoslavia,1
New_Zealand,1
Australia,1
Romania,1
